date,code,dividend_yield,cn10y,spread
2026-08-28,930955,4.52,1.6949,2.8250999999999995
2026-08-31,930955,4.6,1.6883,2.9117
2026-09-01,930955,4.55,1.6834,2.8666
2026-09-02,930955,4.59,1.6861,2.9039
2026-09-03,930955,4.59,1.6798,2.9101999999999997
2026-09-04,930955,4.56,1.6804,2.8796
2026-09-07,930955,4.6,1.6798,2.9201999999999995
2026-09-08,930955,4.58,1.6815,2.8985000000000003
2026-09-09,930955,4.59,1.6816,2.9084
2026-09-10,930955,4.59,1.6797,2.9103
2026-09-11,930955,4.63,1.6899,2.9401
2026-09-14,930955,4.96,1.6888,3.2712
2026-09-15,930955,5.0,1.6865,3.3135
2026-09-16,930955,5.03,1.6858,3.3442000000000003
2026-09-17,930955,5.04,1.6862,3.3538
2026-09-18,930955,5.05,1.682,3.368
2026-09-21,930955,5.04,1.6829,3.3571
2026-09-22,930955,5.04,1.6791,3.3609
2026-09-23,930955,5.05,1.6807,3.3693
2026-09-24,930955,5.07,1.6738,3.3962000000000003
2026-09-25,930955,5.07,1.6738,3.3962000000000003
2026-09-28,930955,5.06,1.679,3.3809999999999993
2026-09-29,930955,5.05,1.667,3.383
